{"cameraMode":{"drawMode":0,"name":"Shaded","section":"Shading Mode"},"sceneLighting":true,"audioPlay":false,"sceneViewState":{"m_AlwaysRefresh":false,"showFog":true,"showSkybox":true,"showFlares":true,"showImageEffects":true,"showParticleSystems":true,"showVisualEffectGraphs":true,"m_FxEnabled":true},"in2DMode":false,"pivot":{"x":25.90487289428711,"y":30.218677520751954,"z":-2.699504852294922},"rotation":{"x":0.09142324328422547,"y":0.44341352581977847,"z":-0.04552966356277466,"w":0.8905042409896851},"size":33.241851806640628,"orthographic":false}